Employee ID,Employee Name,Employee Position,Employee Salary,Employee Email
4,shimaa,Software Engineer,7000.0,shimaamo102003@gmail.com
2,Ahmed,Data Scientist,5000.0,ahmed@gmail.com
3,Shahd,Data Analyst,5000.0,shahd@gmail.com
6,Ali,HR,4000.0,ali@gmail.com
8,Sara,Data Scientist,5000.0,sara@gmail.com
9,Gehad,HR,6000.0,gehad@gmail.com
1,Wael,Data Analyst,5000.0,wael@gmail.com
5,Nour,Doctor,6000.0,nour@gmail.com
7,Dina,IT,4500.0,dina@gmail.com
10,Ziad,Security,3500.0,ziad@gmail.com
